company,url
Hilton,https://www.comparably.com/companies/hilton
Salesforce,https://www.comparably.com/companies/salesforce
"Wegmans Food Markets, Inc.",https://www.comparably.com/companies/wegmans
Workday,https://www.comparably.com/companies/workday
Kimpton Hotels & Restaurants,https://www.comparably.com/companies/kimpton-hotels
Cisco,https://www.comparably.com/companies/cisco
Edward Jones,https://www.comparably.com/companies/edward-jones
ULTIMATE SOFTWARE,https://www.comparably.com/companies/ultimate-software
Texas Health Resources,https://www.comparably.com/companies/texas-health-resources
"The Boston Consulting Group, Inc.",https://www.comparably.com/companies/boston-consulting-group
Stryker,https://www.comparably.com/companies/stryker
Publix Super Markets Inc.,https://www.comparably.com/companies/publix-super-markets
American Express,https://www.comparably.com/companies/americanexpress
Quicken Loans,https://www.comparably.com/companies/quicken-loans
Orrick,https://www.comparably.com/companies/orrick
Baird,https://www.comparably.com/companies/robert-w-baird-c
"JM Family Enterprises, Inc.",https://www.comparably.com/companies/jm-family-enterprises
Kimley-Horn,https://www.comparably.com/companies/kimley-horn-and-associates
Camden Property Trust,https://www.comparably.com/companies/camden-property-trust
Cooley LLP,https://www.comparably.com/companies/cooley-llp
Plante Moran,https://www.comparably.com/companies/plante-moran
Adobe,https://www.comparably.com/companies/adobe
Veterans United Home Loans,https://www.comparably.com/companies/338523
Intuit Inc.,https://www.comparably.com/companies/intuit
The Cheesecake Factory Incorporated,https://www.comparably.com/companies/the-cheesecake-factory
Deloitte,https://www.comparably.com/companies/deloitte
Pinnacle Financial Partners,https://www.comparably.com/companies/pinnacle-financial-partners
SAP America,https://www.comparably.com/companies/sap
Navy Federal Credit Union,https://www.comparably.com/companies/navy-federal-credit-union
USAA,https://www.comparably.com/companies/usaa
"Marriott International, Inc.",https://www.comparably.com/companies/marriott
Hyatt Hotels Corporation,https://www.comparably.com/companies/hyatt
CarMax,https://www.comparably.com/companies/carmax
Ernst & Young LLP,https://www.comparably.com/companies/ey
Southern Ohio Medical Center,https://www.comparably.com/companies/mobile-infirmary-medical-center
KPMG LLP,https://www.comparably.com/companies/kpmg-llp
"BayCare Health System, Inc.",https://www.comparably.com/companies/christus-spohn-health-system
NVIDIA,https://www.comparably.com/companies/nvidia
Capital One Financial Corporation,https://www.comparably.com/companies/capital-one
Baptist Health South Florida,https://www.comparably.com/companies/baptist-health-south-florida-in
David Weekley Homes,https://www.comparably.com/companies/david-homes
Dropbox,https://www.comparably.com/companies/dropbox
Allianz Life Insurance Company of North America,https://www.comparably.com/companies/allianz-life-insurance
PricewaterhouseCoopers LLP,https://www.comparably.com/companies/pwc
Genentech,https://www.comparably.com/companies/genentech
"Recreational Equipment, Inc. (REI)",https://www.comparably.com/companies/recreational-equipment
Protiviti,https://www.comparably.com/companies/protiviti
"Slalom, LLC.",https://www.comparably.com/companies/slalom-consulting
"T-Mobile US, Inc.",https://www.comparably.com/companies/t-mobile
Red Hat,https://www.comparably.com/companies/red-hat
Synchrony,https://www.comparably.com/companies/synchrony-financial
Ryan LLC,https://www.comparably.com/companies/ryan
Alston & Bird LLP,https://www.comparably.com/companies/alston-capital-partners
Encompass Health - Home Health & Hospice,https://www.comparably.com/companies/encompass-home-health
American Fidelity Assurance Company,https://www.comparably.com/companies/american-fidelity-assurance-company
"World Wide Technology, LLC",https://www.comparably.com/companies/world-wide-technology
Nationwide,https://www.comparably.com/companies/nationwide-security
St. Jude Children's Research Hospital,https://www.comparably.com/companies/st-jude-childrens
Credit Acceptance Corporation,https://www.comparably.com/companies/credit-acceptance-corporation
SAS Institute Inc.,https://www.comparably.com/companies/sas
Accenture,https://www.comparably.com/companies/accenture
"The Goldman Sachs Group, Inc.",https://www.comparably.com/companies/goldman-sachs
AbbVie,https://www.comparably.com/companies/abbvie
HubSpot,https://www.comparably.com/companies/hubspot
Oliver Wyman Group,https://www.comparably.com/companies/oliver-wyman
Bright Horizons Family Solutions,https://www.comparably.com/companies/bright-horizons-family-solutions
CHG Healthcare,https://www.comparably.com/companies/chg-healthcare
Crowe,https://www.comparably.com/companies/crowe-horwath-international
Zillow,https://www.comparably.com/companies/zillow
Atlassian,https://www.comparably.com/companies/atlassian
Comcast NBCUniversal,https://www.comparably.com/companies/nbcuniversal
Hyland,https://www.comparably.com/companies/hyland
Cadence,https://www.comparably.com/companies/cadence
Perkins Coie LLP,https://www.comparably.com/companies/perkins-coie
"Regeneron Pharmaceuticals, Inc.",https://www.comparably.com/companies/regeneron-pharmaceuticals
Progressive Insurance,https://www.comparably.com/companies/progressive-insurance
Power Home Remodeling,https://www.comparably.com/companies/power-home-remodeling
Kronos Incorporated,https://www.comparably.com/companies/kronos
Children's Healthcare of Atlanta,https://www.comparably.com/companies/the-childrens
Workiva Inc.,https://www.comparably.com/companies/workiva
"Nugget Market, Inc.",https://www.comparably.com/companies/get-nugget
Burns & McDonnell,https://www.comparably.com/companies/burns-mcdonnell
First American Financial Corporation,https://www.comparably.com/companies/first-american
Total Quality Logistics,https://www.comparably.com/companies/total-quality-logistics
"Sheetz, Inc.",https://www.comparably.com/companies/sheetz
Custom Ink,https://www.comparably.com/companies/customink
Atlantic Health System,https://www.comparably.com/companies/atlantic-health-system
Methodist Le Bonheur Healthcare,https://www.comparably.com/companies/methodist
Four Seasons Hotels & Resorts,https://www.comparably.com/companies/four-seasons-hotels-and-resorts
Novo Nordisk Inc.,https://www.comparably.com/companies/novo-nordisk
Farmers Insurance,https://www.comparably.com/companies/farmers-insurance
Bank of America,https://www.comparably.com/companies/bank-of-america
"Box, Inc.",https://www.comparably.com/companies/box
Alliance Data,https://www.comparably.com/companies/alliance-data
FedEx Corporation,https://www.comparably.com/companies/fedex
Activision Blizzard,https://www.comparably.com/companies/activision-blizzard
"Delta Air Lines, Inc.",https://www.comparably.com/companies/delta-air-lines
"Mars, Incorporated",https://www.comparably.com/companies/mars
OhioHealth,https://www.comparably.com/companies/372247
Patagonia,https://www.comparably.com/companies/patagonia
