,0
"{'team': 34, 'great': 19, 'benefits': 14, 'people': 13, 'everyone': 12, 'well': 12, 'employees': 11, 'better': 10, 'best': 10, 'management': 10, 'leadership': 9, 'family': 9, 'need': 8, 'guests': 8, 'good': 7, 'experience': 7, 'nice': 7, 'overall': 7, 'hotel': 7, 'amazing': 7, 'coworkers': 7, 'able': 7, 'customer': 6, 'working': 6, 'time': 6, 'care': 6, 'help': 6, 'cares': 6, 'together': 6, 'travel': 5, 'customers': 5, 'environment': 5, 'making': 5, 'interview': 5, 'communication': 5, 'hard': 5, 'atmosphere': 5, 'always': 5, 'friendly': 5, 'along': 5, 'workers': 5, 'place': 5, 'getting': 5, 'really': 5, 'fair': 4, 'health': 4, 'support': 4, 'corporate': 4, 'supportive': 4, 'needs': 4, 'positive': 4}",Hilton
"{'people': 32, 'culture': 30, 'team': 29, 'great': 24, 'help': 16, 'time': 15, 'working': 15, 'smart': 15, 'amazing': 13, 'really': 13, 'leadership': 12, 'better': 10, 'love': 10, 'benefits': 10, 'transparency': 10, 'feel': 10, 'need': 10, 'make': 10, 'best': 9, 'environment': 9, 'competitive': 9, 'customers': 9, 'life': 8, 'good': 8, 'always': 8, 'everyone': 8, 'companies': 8, 'willing': 8, 'salary': 8, 'honest': 8, 'much': 7, 'making': 7, 'balance': 7, 'innovation': 7, 'management': 7, 'positive': 7, 'provide': 7, 'politics': 7, 'employees': 7, 'world': 6, 'bonus': 6, 'ability': 6, 'create': 6, 'well': 6, 'extremely': 6, 'support': 6, 'vision': 6, 'goals': 6, 'ohana': 6, 'hard': 6, 'success': 6}",Salesforce
"{'people': 20, 'team': 16, 'feel': 12, 'always': 12, 'help': 11, 'everyone': 10, 'great': 10, 'best': 9, 'customers': 8, 'employees': 8, 'together': 8, 'time': 8, 'part': 8, 'friendly': 7, 'well': 7, 'love': 7, 'enjoy': 7, 'family': 7, 'environment': 6, 'positive': 6, 'working': 6, 'coworkers': 6, 'wegmans': 6, 'want': 5, 'better': 5, 'paid': 5, 'nice': 5, 'workers': 5, 'make': 5, 'things': 5, 'happy': 5, 'never': 4, 'hard': 4, 'treated': 4, 'helpful': 4, '401k': 4, 'actually': 3, 'place': 3, 'able': 3, 'easy': 3, 'comfortable': 3, 'caring': 3, 'every': 3, 'need': 3, 'everything': 3, 'many': 3, 'management': 3, 'excellent': 3, 'expected': 3, 'good': 3, 'benefits': 3}","Wegmans Food Markets, Inc."
"{'team': 10, 'culture': 9, 'great': 9, 'people': 8, 'good': 8, 'management': 6, 'everyone': 5, 'leadership': 5, 'employees': 5, 'amazing': 4, 'managers': 4, 'salt': 4, 'rsus': 4, 'lake': 4, 'really': 4, 'stock': 4, 'hard': 4, 'base': 3, 'others': 3, 'bright': 3, 'department': 3, 'collaborative': 3, 'positive': 3, 'fair': 3, 'feel': 3, 'finance': 3, 'projects': 3, 'technical': 3, 'group': 3, 'working': 3, 'leave': 3, 'home': 3, 'always': 3, 'trying': 3, 'manager': 2, 'jump': 2, 'poorly': 2, 'investing': 2, 'help': 2, 'employee': 2, 'helpful': 2, 'done': 2, 'effort': 2, 'encouraged': 2, 'diversity': 2, 'raises': 2, 'requirement': 2, 'hope': 2, 'salary': 2, 'human': 2, 'keep': 2}",Workday
"{'kimpton': 4, 'experience': 3, 'need': 3, 'great': 3, 'move': 2, 'paid': 2, 'real': 2, 'ones': 2, 'change': 2, 'executive': 1, 'exploitation': 1, 'extravagant': 1, 'first': 1, 'gets': 1, 'glass': 1, 'ground': 1, 'environment': 1, 'group': 1, 'growth': 1, 'half': 1, 'hotels': 1, 'hourly': 1, 'hype': 1, 'hyperbole': 1, 'ideas': 1, 'improve': 1, 'inclusivity': 1, 'income': 1, 'industry': 1, 'ergonomics': 1, 'zero': 1, 'engineers': 1, 'intent': 1, 'able': 1, 'allostasis': 1, 'allow': 1, 'another': 1, 'apply': 1, 'bloated': 1, 'boots': 1, 'cares': 1, 'cash': 1, 'ceiling': 1, 'china': 1, 'chosen': 1, 'clothes': 1, 'compared': 1, 'corporate': 1, 'corps': 1, 'culture': 1, 'decision': 1}",Kimpton Hotels & Restaurants
"{'people': 23, 'good': 22, 'great': 19, 'team': 16, 'environment': 12, 'culture': 11, 'flexible': 9, 'make': 9, 'best': 9, 'everyone': 9, 'experience': 9, 'ability': 8, 'process': 8, 'employees': 7, 'less': 7, 'back': 7, 'instead': 7, 'vision': 7, 'working': 7, 'transparency': 7, 'overall': 7, 'management': 6, 'strong': 6, 'collaborative': 6, 'focused': 6, 'friendly': 6, 'challenging': 6, 'really': 6, 'compensation': 6, 'hard': 6, 'benefits': 6, 'based': 6, 'manager': 6, 'leadership': 6, 'base': 6, 'customer': 5, 'time': 5, 'employee': 5, 'things': 5, 'innovation': 5, 'excellent': 5, 'strategy': 5, 'smart': 5, 'happy': 5, 'salary': 5, 'interview': 5, 'years': 5, 'love': 5, 'much': 5, 'politics': 5, 'towards': 5}",Cisco
"{'team': 11, 'clients': 11, 'positive': 11, 'office': 9, 'employees': 8, 'great': 8, 'environment': 7, 'family': 7, 'time': 7, 'leadership': 6, 'friendly': 5, 'culture': 5, 'working': 5, 'bonuses': 5, 'always': 5, 'communication': 4, 'associates': 4, 'better': 4, 'respect': 4, 'every': 4, 'another': 4, 'makes': 4, 'care': 4, 'people': 4, 'help': 4, 'nice': 4, 'well': 4, 'home': 4, 'experience': 4, 'make': 3, 'person': 3, 'teams': 3, 'employee': 3, 'opinion': 3, 'allows': 3, 'process': 3, 'financial': 3, 'treated': 3, 'trimester': 3, 'different': 3, 'good': 3, 'goals': 3, 'fair': 2, 'love': 2, 'close': 2, ""everyone's"": 2, 'relationships': 2, 'matters': 2, 'questions': 2, 'profit': 2, 'many': 2}",Edward Jones
"{'people': 66, 'team': 53, 'family': 43, 'best': 38, 'care': 32, 'benefits': 31, 'great': 29, 'first': 28, 'everyone': 27, 'paid': 25, 'culture': 22, 'know': 21, 'love': 21, 'time': 21, 'really': 20, 'always': 19, 'feel': 19, 'working': 18, 'help': 18, 'ultimate': 17, 'leadership': 17, 'place': 16, 'make': 15, 'employees': 15, 'want': 15, '401k': 15, 'open': 15, 'well': 14, 'amazing': 14, 'truly': 14, 'environment': 13, 'makes': 13, 'health': 12, 'life': 12, 'medical': 11, 'able': 11, 'many': 11, 'match': 11, 'every': 10, 'support': 10, 'process': 10, 'everything': 10, 'need': 10, 'positive': 10, 'customers': 10, 'things': 10, 'take': 9, 'vision': 9, 'unlimited': 9, 'insurance': 9, 'trust': 9}",ULTIMATE SOFTWARE
"{'people': 14, 'team': 12, 'good': 12, 'working': 6, 'care': 6, 'employees': 6, 'everyone': 6, 'help': 5, 'well': 5, 'patients': 5, 'leadership': 4, 'always': 4, 'friendly': 4, 'make': 4, 'great': 4, 'family': 4, 'positive': 4, 'love': 3, 'time': 3, 'teamwork': 3, 'environment': 3, 'manager': 3, 'truly': 3, 'best': 3, 'provide': 3, 'treat': 3, 'room': 3, 'health': 3, 'level': 2, 'helping': 2, 'paid': 2, 'part': 2, 'home': 2, 'participate': 2, 'hiring': 2, 'higher': 2, 'place': 2, 'different': 2, 'listen': 2, 'days': 2, 'cost': 2, 'relatively': 2, 'resources': 2, 'respect': 2, 'competitive': 2, 'rockwall': 2, 'hospital': 2, 'overall': 2, 'others': 2, 'managers': 2, 'living': 2}",Texas Health Resources
"{'good': 4, 'well': 3, 'collaborative': 2, 'health': 2, 'great': 2, 'feedback': 2, 'face': 2, 'staff': 2, 'working': 2, 'environment': 2, 'feel': 1, 'industry': 1, 'improvement': 1, 'impact': 1, 'highly': 1, 'hierarchical': 1, 'benefits': 1, 'hard': 1, 'growth': 1, 'best': 1, 'bonus': 1, 'friendly': 1, 'free': 1, 'focused': 1, 'feels': 1, 'clients': 1, 'change': 1, 'family': 1, 'case': 1, 'ethical': 1, 'insurance': 1, 'enjoy': 1, 'engaged': 1, 'embrace': 1, 'efficient': 1, 'dental': 1, 'dedicated': 1, 'culture': 1, 'coworkers': 1, 'challenging': 1, 'considerate': 1, 'care': 1, 'internally': 1, 'intelligent': 1, 'interviewing': 1, 'rate': 1, 'receptive': 1, 'regularly': 1, 'risks': 1, 'salary': 1, 'seems': 1}","The Boston Consulting Group, Inc."
"{'people': 110, 'team': 72, 'best': 47, 'great': 43, 'make': 38, 'everyone': 36, 'working': 34, 'culture': 34, 'better': 34, 'hard': 33, 'mission': 31, '401k': 28, 'bonus': 24, 'every': 23, 'care': 22, 'love': 22, 'employees': 22, 'leadership': 21, 'positive': 21, 'making': 19, 'help': 19, 'discretionary': 17, 'engaged': 16, 'passionate': 15, 'happy': 15, 'competitive': 15, 'support': 15, 'makes': 15, 'friends': 15, 'driven': 15, 'opportunity': 15, 'match': 14, 'part': 14, 'growth': 14, 'environment': 14, 'success': 14, 'focus': 14, 'time': 14, 'customers': 14, 'always': 14, 'family': 13, 'performance': 13, 'different': 13, 'things': 13, 'vision': 12, 'together': 12, 'good': 12, 'employee': 12, 'know': 12, 'benefits': 12, 'high': 12}",Stryker
"{'customers': 74, 'people': 58, 'great': 55, 'employees': 54, 'team': 47, 'good': 46, 'everyone': 45, 'well': 36, 'time': 36, 'make': 36, 'publix': 35, 'together': 34, 'stock': 29, 'working': 29, 'friendly': 29, 'store': 29, 'nice': 28, 'happy': 25, 'benefits': 24, 'managers': 23, 'management': 23, 'positive': 23, 'manager': 22, 'care': 22, 'part': 21, 'better': 21, 'family': 21, 'help': 20, 'always': 19, 'workers': 19, 'love': 19, 'overall': 19, 'environment': 18, 'experience': 18, 'best': 17, 'hours': 17, 'coworkers': 17, 'hard': 16, 'fair': 16, 'service': 16, 'easy': 16, 'along': 15, 'associates': 15, 'every': 15, 'really': 15, 'customer': 15, 'place': 14, 'helpful': 14, 'even': 13, 'need': 13, 'needs': 13}",Publix Super Markets Inc.
"{'people': 25, 'team': 21, 'great': 19, 'good': 18, 'employees': 12, 'leadership': 11, 'meeting': 10, 'best': 9, 'friendly': 9, 'everyone': 9, 'feel': 9, 'bonus': 8, 'time': 8, 'environment': 7, 'employee': 7, 'working': 7, 'always': 7, 'management': 7, 'process': 7, 'need': 6, 'benefits': 6, 'make': 6, 'making': 6, 'really': 6, 'much': 6, 'many': 6, 'better': 6, 'silos': 5, 'others': 5, 'leader': 5, 'salary': 5, 'culture': 5, 'helpful': 5, 'balance': 5, 'colleagues': 5, 'teams': 5, 'service': 4, 'less': 4, 'level': 4, 'life': 4, 'think': 4, 'place': 4, 'card': 4, 'companies': 4, 'smart': 4, 'sometimes': 4, 'bonuses': 4, 'package': 4, 'delivery': 4, 'different': 4, 'opportunities': 4}",American Express
"{'team': 29, 'people': 12, 'leadership': 12, 'great': 12, 'members': 9, 'always': 9, 'better': 8, 'best': 8, 'want': 7, 'culture': 7, 'full': 6, 'every': 6, 'paid': 6, 'care': 6, 'benefits': 6, 'help': 6, 'everyone': 6, 'growth': 5, 'money': 5, 'make': 5, 'really': 5, 'hard': 5, 'much': 5, 'things': 4, 'done': 4, 'will': 4, 'time': 4, 'fair': 4, 'well': 4, 'home': 4, 'come': 4, 'many': 4, 'expectations': 4, 'made': 4, 'member': 3, 'love': 3, 'helping': 3, 'comfortable': 3, 'family': 3, 'qualified': 3, 'feedback': 3, 'leaders': 3, 'learning': 3, 'need': 3, 'client': 3, 'everyday': 3, 'first': 3, 'long': 3, 'focus': 3, 'teams': 3, 'stock': 3}",Quicken Loans
"{'leadership': 3, 'compensation': 3, 'comp': 2, 'employees': 2, 'value': 2, 'honest': 1, 'inclined': 1, 'entire': 1, 'everyone': 1, 'experienced': 1, 'extremely': 1, 'fair': 1, 'fantastic': 1, 'helping': 1, 'firm': 1, 'employee': 1, 'friendly': 1, 'game': 1, 'great': 1, 'group': 1, 'focused': 1, 'easy': 1, 'efficient': 1, 'chaotic': 1, 'able': 1, 'accomplish': 1, 'along': 1, 'beyond': 1, 'bias': 1, 'care': 1, 'client': 1, 'issues': 1, 'clients': 1, 'club': 1, 'compassion': 1, 'compelling': 1, 'deferred': 1, 'direct': 1, 'intelligent': 1, 'women': 1, 'waste': 1, 'tasks': 1, 'skin': 1, 'smart': 1, 'social': 1, 'stack': 1, 'standard': 1, 'stuff': 1, 'take': 1, 'team': 1, 'love': 1}",Baird
"{'make': 5, 'culture': 4, 'good': 4, 'associates': 4, 'favoritism': 3, 'long': 3, 'founder': 3, 'best': 3, 'much': 2, 'look': 2, 'feel': 2, 'knowledge': 2, 'fellow': 2, 'rigorous': 2, 'profit': 2, 'everyday': 2, 'sharing': 2, 'experience': 2, 'bonus': 2, 'working': 2, 'time': 2, 'today': 2, 'important': 2, 'shot': 2, 'expectations': 1, 'excited': 1, 'excellent': 1, 'year': 1, 'family': 1, 'every': 1, 'forgotten': 1, 'fortune': 1, 'going': 1, 'great': 1, 'followed': 1, 'current': 1, 'employer': 1, 'employees': 1, 'account': 1, 'alive': 1, 'asset': 1, 'bank': 1, 'based': 1, 'better': 1, 'bright': 1, 'bring': 1, 'business': 1, 'care': 1, 'challenge': 1, 'companies': 1, 'compassionate': 1}","JM Family Enterprises, Inc."
"{'especially': 1, 'benefits': 1, 'awesome': 1, '401k': 1}",Kimley-Horn
"{'people': 15, 'team': 11, 'great': 10, 'stock': 9, 'benefits': 7, 'extremely': 5, 'love': 5, 'good': 5, 'espp': 5, 'projects': 4, 'best': 4, 'managers': 4, 'time': 4, 'business': 4, 'employees': 4, 'feel': 4, 'together': 4, 'support': 4, 'vision': 4, 'willingness': 4, 'culture': 4, 'quarter': 3, 'comp': 3, 'open': 3, 'compensation': 3, 'working': 3, 'workers': 3, 'generous': 3, 'performance': 3, 'hire': 3, 'level': 3, 'really': 3, 'leadership': 3, 'different': 3, 'little': 3, 'effective': 2, 'productive': 2, 'process': 2, 'engaging': 2, 'respectfully': 2, 'price': 2, 'difficult': 2, 'diversity': 2, 'control': 2, 'real': 2, 'creative': 2, 'questions': 2, 'diverse': 2, 'personal': 2, 'match': 2, 'opportunities': 2}",Adobe
"{'family': 4, 'people': 3, 'free': 3, 'genuinely': 2, 'place': 2, 'make': 2, 'love': 2, 'coworkers': 2, 'everybody': 2, 'will': 2, 'team': 2, 'benefits': 2, 'helpful': 2, 'help': 2, 'hard': 2, 'well': 2, 'forward': 1, 'environment': 1, 'find': 1, 'feeling': 1, 'fact': 1, 'execs': 1, 'exact': 1, 'food': 1, 'working': 1, 'entrepreneurship': 1, 'encouraging': 1, 'actually': 1, 'allows': 1, 'anything': 1, 'best': 1, 'care': 1, 'career': 1, 'charity': 1, 'community': 1, 'customers': 1, 'days': 1, 'donate': 1, 'double': 1, 'dynamic': 1, 'effective': 1, 'good': 1, 'getting': 1, 'hires': 1, 'hang': 1, 'positive': 1, 'want': 1, 'vacation': 1, 'together': 1, 'time': 1, 'structured': 1}",Veterans United Home Loans
"{'people': 63, 'team': 48, 'great': 37, 'employees': 33, 'benefits': 28, 'everyone': 26, 'intuit': 24, 'care': 22, 'bonus': 21, 'help': 21, 'working': 21, 'leadership': 19, 'always': 19, 'customers': 18, 'well': 17, 'feel': 16, 'best': 16, 'good': 15, 'culture': 14, 'together': 14, 'environment': 13, 'equity': 12, 'really': 12, 'base': 12, 'package': 12, 'make': 12, 'positive': 12, 'salary': 12, 'amazing': 12, 'stock': 12, 'teams': 12, 'mission': 12, 'coworkers': 11, 'life': 11, 'transparent': 11, 'level': 11, 'love': 11, 'compensation': 11, 'willing': 11, 'open': 10, 'annual': 10, 'time': 10, 'success': 10, 'values': 10, 'feedback': 10, 'hard': 10, 'leaders': 10, 'year': 10, 'smart': 10, 'balance': 9, 'friendly': 9}",Intuit Inc.
"{'team': 30, 'people': 28, 'need': 22, 'always': 22, 'staff': 22, 'help': 21, 'managers': 21, 'employees': 20, 'food': 19, 'management': 19, 'make': 18, 'good': 18, 'time': 17, 'better': 17, 'guests': 16, 'great': 16, 'everyone': 15, 'guest': 15, 'family': 14, 'care': 14, 'environment': 13, 'happy': 13, 'working': 13, 'best': 13, 'experience': 12, 'well': 12, 'love': 12, 'money': 12, 'feel': 11, 'manager': 10, 'making': 10, 'hourly': 10, 'really': 10, 'paid': 10, 'fast': 10, 'makes': 9, 'kitchen': 9, 'even': 8, 'hard': 8, 'positive': 8, 'tips': 8, 'getting': 8, 'place': 7, 'part': 7, 'servers': 7, 'support': 7, 'sure': 7, 'together': 7, 'leave': 7, 'teamwork': 7, 'years': 7}",The Cheesecake Factory Incorporated
"{'people': 47, 'team': 46, 'great': 28, 'well': 19, 'environment': 18, 'better': 18, 'benefits': 17, 'clients': 17, 'paid': 17, 'time': 17, 'hard': 17, 'working': 16, 'good': 16, 'life': 16, 'leadership': 15, 'culture': 15, 'best': 15, 'experience': 13, 'compensation': 13, 'smart': 13, 'care': 13, 'fair': 11, 'supportive': 11, 'focus': 11, 'always': 11, 'family': 11, 'everyone': 10, 'positive': 10, 'flexibility': 10, 'career': 10, 'managers': 10, 'growth': 10, 'development': 9, 'project': 9, 'need': 9, 'love': 9, 'make': 9, 'employees': 9, 'together': 9, 'balance': 9, 'leave': 8, 'friendly': 8, 'salary': 8, 'client': 8, 'bonus': 8, 'years': 8, 'happy': 8, 'nice': 7, 'leaders': 7, 'performance': 7, 'fast': 7}",Deloitte
"{'team': 5, 'people': 4, 'family': 4, 'leadership': 3, 'time': 3, 'need': 3, 'corporate': 2, 'accomplishment': 2, 'everyone': 2, 'experience': 2, 'others': 2, 'share': 2, 'willingness': 2, 'positive': 2, 'based': 2, 'love': 2, 'environment': 2, 'well': 2, 'truly': 2, 'sense': 2, 'easy': 1, 'efforts': 1, 'encourage': 1, 'enjoy': 1, 'diligent': 1, 'earned': 1, 'drive': 1, 'done': 1, 'feeling': 1, 'every': 1, 'factor': 1, 'deadline': 1, 'focus': 1, 'focused': 1, 'grow': 1, 'guidance': 1, 'happy': 1, 'hard': 1, 'help': 1, 'highlighting': 1, 'history': 1, 'home': 1, 'honesty': 1, 'immediate': 1, 'decisions': 1, 'cooperation': 1, 'days': 1, 'backgrounds': 1, 'bonus': 1, 'blending': 1, 'blend': 1}",Pinnacle Financial Partners
"{'team': 19, 'culture': 15, 'great': 13, 'people': 13, 'good': 9, 'employees': 9, 'manager': 8, 'management': 8, 'stock': 7, 'leadership': 6, 'colleagues': 6, 'open': 6, 'diversity': 6, 'global': 6, 'life': 5, 'business': 5, 'bonus': 5, 'communication': 5, 'flexible': 5, 'interview': 4, 'environment': 4, 'make': 4, 'fear': 4, 'feedback': 4, 'nothing': 4, 'interesting': 4, 'focus': 4, 'development': 4, 'working': 4, 'balance': 4, 'smart': 4, 'want': 4, 'strategy': 4, 'knowledge': 4, 'areas': 4, 'skills': 3, 'industry': 3, 'diverse': 3, 'employee': 3, 'learn': 3, 'still': 3, 'focused': 3, 'learning': 3, 'generally': 3, 'listen': 3, 'forward': 3, 'difference': 3, 'know': 3, 'market': 3, 'value': 3, 'ability': 3}",SAP America
"{'help': 6, 'working': 5, 'members': 5, 'people': 4, 'positive': 3, 'environment': 3, 'based': 3, 'great': 3, 'benefits': 3, 'employees': 3, 'point': 2, 'plus': 2, 'family': 2, 'best': 2, 'phones': 2, 'culture': 2, 'questions': 2, 'communication': 2, 'forward': 2, 'open': 2, 'every': 2, 'friends': 2, 'gives': 2, 'still': 2, 'helpful': 2, 'serve': 2, 'interviewer': 2, 'actually': 2, 'worked': 2, 'helps': 2, 'team': 2, 'time': 2, 'good': 2, 'supportive': 2, 'understanding': 2, 'aspect': 2, 'keep': 2, 'fair': 1, 'happy': 1, 'giving': 1, 'fact': 1, 'experience': 1, 'happening': 1, 'health': 1, 'heartfelt': 1, 'everything': 1, 'excellent': 1, 'grow': 1, 'families': 1, 'growth': 1, 'fast': 1}",Navy Federal Credit Union
"{'great': 12, 'best': 10, 'team': 10, 'people': 7, 'need': 6, 'help': 6, 'employee': 5, 'family': 5, 'able': 5, 'nice': 4, 'members': 4, 'good': 4, 'fair': 4, 'culture': 4, 'coworkers': 4, 'employees': 3, 'time': 3, 'happy': 3, 'match': 3, 'hard': 3, 'many': 3, 'mission': 3, 'leadership': 3, 'friendly': 3, 'everything': 3, 'know': 3, 'well': 3, '401k': 3, 'part': 3, 'based': 3, 'really': 3, 'questions': 3, 'workers': 3, 'companies': 3, 'bonus': 3, 'always': 3, 'benefits': 3, 'place': 2, 'interviews': 2, 'honest': 2, 'plus': 2, 'positive': 2, 'leaders': 2, 'phone': 2, 'level': 2, 'make': 2, 'management': 2, 'never': 2, 'percent': 2, 'matching': 2, 'military': 2}",USAA
"{'team': 60, 'people': 54, 'employees': 44, 'great': 42, 'good': 42, 'always': 40, 'guests': 30, 'well': 27, 'care': 27, 'benefits': 27, 'better': 26, 'help': 26, 'management': 26, 'together': 25, 'working': 22, 'marriott': 22, 'needs': 22, 'time': 21, 'love': 21, 'hotel': 20, 'everyone': 19, 'family': 19, 'make': 19, 'feel': 19, 'happy': 18, 'need': 18, 'will': 17, 'listen': 17, 'take': 17, 'manager': 16, 'best': 16, 'home': 16, 'communication': 15, 'hard': 15, 'experience': 15, 'paid': 14, 'fair': 14, 'things': 14, 'open': 14, 'leadership': 14, 'workers': 14, 'every': 13, 'different': 13, 'culture': 13, 'associates': 13, 'positive': 13, 'really': 13, 'members': 13, 'environment': 13, 'coworkers': 13, 'managers': 13}","Marriott International, Inc."
"{'people': 15, 'good': 11, 'team': 9, 'great': 7, 'best': 7, 'working': 6, 'management': 6, 'always': 6, 'free': 6, 'together': 5, 'care': 5, 'well': 5, 'employee': 4, 'paid': 4, 'making': 4, 'help': 4, '401k': 4, 'world': 4, 'customers': 3, 'give': 3, 'year': 3, 'nice': 3, 'meet': 3, 'listen': 3, 'supervisor': 3, 'insurance': 3, 'benefits': 3, 'guests': 3, 'things': 3, 'hyatt': 3, 'everyone': 3, 'employees': 3, 'department': 3, 'type': 3, 'culture': 3, 'friendly': 2, 'money': 2, 'much': 2, 'need': 2, 'never': 2, 'nights': 2, 'office': 2, 'anyone': 2, 'open': 2, 'opportunities': 2, 'departments': 2, 'part': 2, 'paycheck': 2, 'plan': 2, 'positive': 2, 'professional': 2}",Hyatt Hotels Corporation
"{'time': 6, 'well': 5, 'sales': 5, 'managers': 5, 'need': 4, 'coworkers': 4, 'culture': 4, 'feel': 4, 'part': 4, 'management': 4, 'compensation': 3, 'people': 3, 'concerns': 3, 'impact': 3, 'employee': 3, 'great': 3, 'experience': 3, 'best': 3, 'completed': 2, 'micro': 2, 'rules': 2, 'respectful': 2, 'morale': 2, 'make': 2, 'years': 2, 'family': 2, 'even': 2, 'overall': 2, 'employees': 2, 'especially': 2, 'office': 2, 'easy': 2, 'place': 2, 'position': 2, 'recognition': 2, 'everything': 2, 'disrespectful': 2, 'negatively': 2, 'negative': 2, 'needs': 2, 'strengths': 2, 'made': 2, 'opportunity': 2, 'leave': 2, 'will': 2, 'internal': 2, 'benefits': 2, 'better': 2, 'weaknesses': 2, 'help': 2, 'good': 2}",CarMax
"{'people': 17, 'good': 12, 'team': 9, 'time': 8, 'leadership': 7, 'experience': 7, 'opportunities': 7, 'employees': 7, 'needs': 7, 'around': 7, 'well': 7, 'great': 6, 'everyone': 6, 'benefits': 6, 'learning': 5, 'life': 5, 'hard': 5, 'many': 5, 'nice': 5, 'diversity': 5, 'place': 5, 'environment': 5, 'love': 5, 'friendly': 5, 'hours': 5, 'quality': 4, 'open': 4, 'outside': 4, 'level': 4, 'workers': 4, 'paid': 4, 'lack': 4, 'help': 4, 'care': 4, 'development': 4, 'even': 4, 'salary': 4, 'professional': 4, 'amazing': 4, 'flexibility': 4, 'stop': 4, 'much': 3, 'improve': 3, 'office': 3, 'smart': 3, 'others': 3, 'getting': 3, 'outsourcing': 3, 'high': 3, 'growth': 3, 'different': 3}",Ernst & Young LLP
"{'really': 4, 'well': 4, 'together': 3, 'team': 3, 'department': 2, 'great': 2, 'everyone': 2, 'people': 2, 'positive': 2, 'works': 2, 'comparable': 1, 'environment': 1, 'health': 1, 'agencies': 1, 'along': 1, 'friendship': 1, 'family': 1, 'fair': 1, 'experience': 1, 'amount': 1, 'back': 1, 'compensation': 1, 'earned': 1, 'beings': 1, 'cares': 1, 'dental': 1, 'human': 1, 'decent': 1, 'days': 1, 'concerns': 1, 'help': 1, 'leadership': 1, 'insurance': 1, 'interview': 1, 'vision': 1, 'teamwork': 1, 'take': 1, 'support': 1, 'streamlined': 1, 'spirit': 1, 'sick': 1, 'show': 1, 'seems': 1, 'respect': 1, 'reasonable': 1, 'rates': 1, 'process': 1, 'person': 1, 'paid': 1, 'overall': 1, 'others': 1}",Southern Ohio Medical Center
"{'team': 13, 'good': 11, 'people': 11, 'much': 10, 'great': 9, 'hours': 8, 'firm': 7, 'best': 7, 'better': 7, 'leadership': 6, 'everyone': 6, 'employees': 6, 'feel': 6, 'different': 5, 'long': 5, 'help': 5, 'hard': 5, 'friendly': 5, 'process': 4, 'make': 4, 'working': 4, 'open': 4, 'kpmg': 4, 'based': 4, 'workload': 4, 'quality': 4, 'getting': 4, 'think': 3, 'things': 3, '401k': 3, 'group': 3, 'interviewers': 3, 'specific': 3, 'pretty': 3, 'professionals': 3, 'provide': 3, 'learning': 3, 'growth': 3, 'worked': 3, 'diversity': 3, 'communication': 3, 'colleagues': 3, 'coworkers': 3, 'always': 3, 'benefits': 3, 'environment': 3, 'family': 3, 'nationality': 2, 'needed': 2, 'office': 2, 'additionally': 2}",KPMG LLP
"{'patients': 3, 'feel': 3, 'happy': 2, 'great': 2, 'together': 2, 'working': 1, 'future': 1, 'forward': 1, 'everyone': 1, 'easy': 1, 'leads': 1, 'dedicated': 1, 'comfortable': 1, 'care': 1, 'call': 1, 'better': 1, 'away': 1, 'interview': 1, 'looking': 1, 'location': 1, 'wanting': 1, 'made': 1, 'making': 1, 'match': 1, 'much': 1, 'obligation': 1, 'overall': 1, 'people': 1, 'provide': 1, 'quick': 1, 'retirement': 1, 'terrible': 1, 'underpaid': 1, 'undervalued': 1, 'ability': 1}","BayCare Health System, Inc."
"{'team': 11, 'everyone': 9, 'employees': 8, 'people': 8, 'great': 6, 'future': 6, 'well': 6, 'ideas': 6, 'make': 5, 'better': 5, 'vision': 5, 'awesome': 5, 'working': 4, 'culture': 4, 'really': 4, 'leadership': 4, 'things': 4, 'world': 4, 'even': 4, 'need': 4, 'excitement': 4, 'workers': 4, 'energy': 4, 'stock': 4, 'chance': 3, 'support': 3, 'collaborative': 3, 'supportive': 3, 'growth': 3, 'given': 3, 'feels': 3, 'management': 3, 'focused': 3, 'open': 3, 'mission': 3, 'done': 3, 'nice': 3, 'process': 3, 'enjoy': 3, 'environment': 3, 'espp': 3, 'fast': 3, 'good': 3, 'benefits': 3, 'time': 3, 'will': 3, 'technology': 2, 'authority': 2, 'coverage': 2, 'intelligent': 2, 'customers': 2}",NVIDIA
"{'team': 31, 'people': 29, 'great': 27, 'benefits': 21, 'good': 20, 'capital': 19, 'well': 17, 'leadership': 15, 'really': 14, 'make': 14, 'time': 12, 'everyone': 12, 'always': 12, 'associates': 11, 'family': 11, 'many': 11, 'employees': 10, 'love': 10, 'help': 9, 'skills': 9, 'better': 9, 'experience': 9, 'every': 8, 'supportive': 8, 'salary': 8, 'best': 8, 'health': 8, 'environment': 8, 'amazing': 7, 'culture': 7, 'customers': 7, 'performance': 7, 'feedback': 7, '401k': 7, 'compensation': 7, 'life': 7, 'working': 7, 'smart': 7, 'meetings': 7, 'fair': 6, 'value': 6, 'bring': 6, 'diversity': 6, 'able': 6, 'diverse': 6, 'another': 6, 'customer': 6, 'ability': 6, 'paid': 6, 'part': 6, 'together': 6}",Capital One Financial Corporation
"{'better': 4, 'team': 4, 'micromanage': 3, 'professional': 3, 'qualified': 2, 'environment': 2, 'create': 2, 'unprofessional': 2, 'managers': 2, 'communication': 1, 'conditions': 1, 'coordination': 1, 'market': 1, 'benefits': 1, 'based': 1, 'fair': 1, 'charter': 1, 'fast': 1, 'frustrating': 1, 'goals': 1, 'industry': 1, 'jobs': 1, 'leaders': 1, 'majority': 1, 'betters': 1, 'worked': 1, 'members': 1, 'unstable': 1, 'understanding': 1, 'time': 1, 'task': 1, 'supervisors': 1, 'shout': 1, 'shared': 1, 'service': 1, 'salary': 1, 'replaced': 1, 'quick': 1, 'promoted': 1, 'position': 1, 'performance': 1, 'perform': 1, 'norms': 1, 'need': 1, 'motivation': 1, 'average': 1}",Baptist Health South Florida
"{'people': 8, 'managers': 5, 'good': 5, 'middle': 4, 'politics': 3, 'less': 3, 'management': 3, 'balance': 3, 'coworkers': 3, 'care': 3, 'salary': 3, 'needs': 3, 'better': 3, 'hire': 2, 'high': 2, 'fast': 2, 'food': 2, 'culture': 2, 'stop': 2, 'growing': 2, 'great': 2, 'sexism': 2, 'employees': 2, 'team': 2, 'everyone': 2, 'terrible': 2, 'busy': 2, 'bringing': 2, 'product': 2, 'toxic': 2, 'worst': 2, 'bonus': 2, 'best': 2, 'public': 2, 'leadership': 2, 'life': 2, 'areas': 2, 'worked': 2, 'fill': 1, 'financial': 1, 'finance': 1, 'forward': 1, 'flip': 1, 'flopping': 1, 'free': 1, 'helpful': 1, 'game': 1, 'glad': 1, 'going': 1, 'grown': 1, 'handle': 1}",Dropbox
"{'team': 10, 'good': 10, 'people': 8, 'working': 6, 'smart': 5, 'associates': 5, 'great': 5, 'benefits': 5, 'well': 5, 'positive': 5, 'employees': 5, 'salary': 4, 'time': 4, 'experience': 4, 'everyone': 4, 'every': 4, 'life': 4, 'promotions': 4, 'better': 4, 'personal': 3, 'care': 3, 'looking': 3, 'hours': 3, 'helpful': 3, 'love': 3, 'made': 3, 'best': 3, 'bonus': 3, 'together': 3, 'feel': 3, 'managers': 3, 'understanding': 3, 'challenging': 3, 'days': 3, 'directors': 3, 'compensation': 3, 'know': 3, 'mostly': 2, 'making': 2, 'less': 2, 'make': 2, 'professional': 2, 'manage': 2, 'much': 2, 'overall': 2, 'negative': 2, 'quit': 2, 'many': 2, 'lots': 2, 'open': 2, 'long': 2}",PricewaterhouseCoopers LLP
"{'people': 4, 'mission': 4, 'many': 3, 'needs': 3, 'less': 3, 'good': 3, 'team': 3, 'position': 2, 'money': 2, 'everyone': 2, 'bottom': 2, 'compassion': 2, 'patients': 2, 'environment': 2, 'makes': 2, 'stock': 2, 'chit': 2, 'support': 2, 'make': 2, 'focus': 2, 'personable': 2, 'chat': 2, 'bonuses': 2, 'bonus': 2, 'training': 2, 'better': 2, 'benefits': 2, 'leadership': 2, 'fourteen': 1, 'executive': 1, 'fact': 1, 'extras': 1, 'experience': 1, 'happier': 1, 'health': 1, 'especially': 1, 'help': 1, 'everybody': 1, 'greedy': 1, 'higher': 1, 'equity': 1, 'hired': 1, 'home': 1, 'green': 1, 'fast': 1, 'failure': 1, 'fairer': 1, 'familial': 1, 'focused': 1, 'great': 1, 'feedback': 1}",Genentech
"{'positive': 2, 'mostly': 1, 'listening': 1, 'life': 1, 'levels': 1, 'less': 1, 'learn': 1, 'grade': 1, 'generally': 1, 'future': 1, 'forward': 1, 'flexible': 1, 'years': 1, 'exhausting': 1, 'employees': 1, 'creative': 1, 'coworkers': 1, 'connecting': 1, 'better': 1, 'benefit': 1, 'awesome': 1, 'attitudes': 1, 'around': 1, 'looking': 1, 'nice': 1, 'working': 1, 'office': 1, 'willing': 1, 'transparent': 1, 'tasks': 1, 'targets': 1, 'stock': 1, 'something': 1, 'sharp': 1, 'responsibility': 1, 'remotely': 1, 'possible': 1, 'position': 1, 'place': 1, 'perks': 1, 'performing': 1, 'performance': 1, 'part': 1, 'paid': 1, 'options': 1, 'open': 1, 'amount': 1}",Protiviti
"{'people': 24, 'slalom': 9, 'best': 8, 'really': 7, 'growth': 6, 'goals': 6, 'culture': 6, 'team': 5, 'truly': 5, 'leadership': 5, 'values': 4, 'skills': 4, 'help': 4, 'well': 4, 'great': 4, 'benefits': 4, 'working': 4, 'opportunity': 4, 'open': 4, 'authentic': 4, 'leaders': 4, 'bonus': 3, 'nice': 3, 'happy': 3, 'market': 3, 'employees': 3, 'personal': 3, 'create': 3, 'much': 3, 'love': 3, 'clients': 3, 'transparent': 3, 'make': 3, 'will': 3, 'supportive': 3, 'value': 3, 'sense': 2, 'challenging': 2, 'career': 2, 'challenges': 2, 'selves': 2, 'clear': 2, 'collaborative': 2, 'program': 2, 'core': 2, 'competitive': 2, 'providing': 2, 'come': 2, 'comfortable': 2, 'connected': 2, 'compensation': 2}","Slalom, LLC."
"{'team': 119, 'great': 73, 'always': 68, 'best': 63, 'customers': 56, 'help': 56, 'everyone': 56, 'people': 55, 'love': 52, 'employees': 46, 'benefits': 42, 'mobile': 41, 'make': 40, 'working': 40, 'care': 39, 'time': 39, 'environment': 37, 'good': 37, 'stock': 37, 'together': 34, 'customer': 31, 'leadership': 31, 'well': 31, 'amazing': 30, 'open': 30, 'positive': 29, 'family': 29, 'know': 27, 'every': 27, 'culture': 25, 'better': 25, 'happy': 23, 'place': 22, 'management': 21, 'bonus': 20, 'helping': 20, 'really': 20, 'paid': 20, 'feel': 19, 'different': 19, 'awesome': 19, 'friendly': 19, 'hard': 18, 'making': 18, 'everything': 18, 'store': 18, 'getting': 18, 'sales': 17, 'enjoy': 17, 'things': 17, 'money': 17}","T-Mobile US, Inc."
"{'team': 7, 'people': 7, 'open': 6, 'best': 6, 'culture': 6, 'everyone': 4, 'feel': 4, 'performance': 4, 'bonuses': 4, 'employees': 4, 'leadership': 4, 'positive': 3, 'good': 3, 'skills': 3, 'made': 3, 'make': 3, 'management': 3, 'transparent': 3, 'decisions': 3, 'feedback': 3, 'important': 3, 'quarterly': 3, 'experience': 3, 'level': 2, 'cohesive': 2, 'business': 2, 'practice': 2, 'clearly': 2, 'enjoy': 2, 'paid': 2, 'environment': 2, 'nepotism': 2, 'collaborative': 2, 'love': 2, 'sales': 2, 'role': 2, 'compensation': 2, 'managers': 2, 'fantastic': 2, 'considerate': 2, 'even': 2, 'stop': 2, 'things': 2, 'teams': 2, 'inclusive': 2, 'voice': 2, 'organization': 2, 'difference': 2, 'develop': 2, 'interested': 2, 'well': 2}",Red Hat
"{'people': 5, 'employees': 4, 'benefits': 4, 'hard': 3, 'compensation': 3, 'customers': 3, 'make': 3, 'working': 3, 'fair': 2, 'excellent': 2, 'salary': 2, 'interview': 2, 'move': 2, 'friendly': 2, 'good': 2, 'place': 2, 'hourly': 2, 'caring': 2, 'paid': 2, 'team': 2, 'always': 2, 'support': 2, 'want': 2, 'environment': 1, 'even': 1, 'authentic': 1, 'every': 1, ""everyone's"": 1, 'angry': 1, 'expectations': 1, 'expected': 1, 'andnot': 1, 'family': 1, 'feedback': 1, 'bonus': 1, 'find': 1, 'encourages': 1, 'first': 1, 'focus': 1, 'food': 1, 'forward': 1, 'advice': 1, 'goal': 1, 'added': 1, 'actually': 1, 'great': 1, 'grow': 1, 'enjoy': 1, 'employee': 1, 'average': 1, 'competitive': 1}",Synchrony
"{'great': 7, 'challenging': 6, 'positive': 5, 'open': 5, 'everyone': 4, 'done': 4, 'people': 4, 'good': 4, 'environment': 3, 'best': 3, 'communication': 3, 'culture': 3, 'team': 3, 'time': 3, 'make': 2, 'engaged': 2, 'projects': 2, 'problems': 2, 'door': 2, 'really': 2, 'everyday': 2, 'part': 2, 'compensation': 2, 'opportunities': 2, 'ryan': 2, 'salary': 2, 'policy': 2, 'management': 2, 'still': 2, 'believe': 2, 'leadership': 2, 'focused': 2, 'find': 2, 'balance': 2, 'always': 2, 'based': 2, 'flexible': 2, 'sure': 2, 'life': 2, 'goals': 2, 'transparent': 2, 'gives': 1, 'goal': 1, 'employer': 1, 'getting': 1, 'goes': 1, 'employees': 1, 'encourages': 1, 'elsewhere': 1, 'happy': 1, 'enjoying': 1}",Ryan LLC
"{'employees': 5, 'good': 3, 'working': 3, 'encompass': 3, 'best': 3, 'place': 3, 'days': 2, 'team': 2, 'friendly': 2, 'know': 2, 'love': 2, 'office': 2, 'decisions': 2, 'people': 2, 'culture': 2, 'care': 2, 'great': 2, 'together': 2, 'well': 2, 'fake': 1, 'ensure': 1, 'entitle': 1, 'everyone': 1, 'expensive': 1, 'annually': 1, 'extra': 1, 'fine': 1, 'career': 1, 'focus': 1, 'four': 1, 'always': 1, 'frustration': 1, 'genuinely': 1, 'accrued': 1, 'gotten': 1, 'encopass': 1, 'anything': 1, 'asked': 1, 'effort': 1, 'cares': 1, 'comfortable': 1, 'communicate': 1, 'community': 1, 'consideration': 1, 'bought': 1, 'bosses': 1, 'believe': 1, 'grow': 1, 'awards': 1, 'decline': 1, 'description': 1}",Encompass Health - Home Health & Hospice
"{'different': 2, 'always': 2, 'will': 2, 'find': 2, 'life': 1, 'gregarious': 1, 'help': 1, 'hired': 1, 'insurance': 1, 'kind': 1, 'wrong': 1, 'little': 1, 'longer': 1, 'love': 1, 'made': 1, 'making': 1, 'fits': 1, 'family': 1, 'feel': 1, 'moved': 1, 'exactly': 1, 'entailed': 1, 'enjoy': 1, 'encouragement': 1, 'employer': 1, 'eclectic': 1, 'diverse': 1, 'colleague': 1, 'bonus': 1, 'bill': 1, 'appreciative': 1, 'member': 1, 'need': 1, 'works': 1, 'nice': 1, 'working': 1, 'worked': 1, 'well': 1, 'unmatched': 1, 'understood': 1, 'truly': 1, 'together': 1, 'thoughtful': 1, 'team': 1, 'sure': 1, 'supervising': 1, 'second': 1, 'retirement': 1, 'responsibilities': 1, 'quick': 1, 'puzzle': 1}",American Fidelity Assurance Company
"{'fake': 2, 'great': 2, 'people': 2, 'raises': 2, 'management': 2, 'building': 2, 'many': 2, 'relationship': 2, 'middle': 2, 'enough': 2, 'technology': 2, 'employees': 2, 'focus': 1, 'getting': 1, 'good': 1, 'year': 1, 'hardly': 1, 'hire': 1, 'flexibility': 1, 'hours': 1, 'impressive': 1, 'industry': 1, 'issue': 1, 'issues': 1, 'know': 1, 'honestly': 1, 'entire': 1, 'executive': 1, 'leadership': 1, 'backfill': 1, 'benefits': 1, 'benifits': 1, 'better': 1, 'business': 1, 'care': 1, 'carrying': 1, 'cheap': 1, 'community': 1, 'complicated': 1, 'core': 1, 'cost': 1, 'cover': 1, 'discussed': 1, 'eggs': 1, 'lead': 1, 'lone': 1, 'levels': 1, 'salary': 1, 'sits': 1, 'slide': 1, 'spite': 1}","World Wide Technology, LLC"
"{'training': 2, 'needs': 2, 'management': 2, 'communication': 2, 'team': 2, 'time': 2, 'scheduling': 1, 'help': 1, 'complete': 1, 'completed': 1, 'considerably': 1, 'easy': 1, 'experience': 1, 'getting': 1, 'increase': 1, 'improve': 1, 'quick': 1, 'jobs': 1, 'timely': 1, 'manner': 1, 'people': 1, 'pleasant': 1, 'leadership': 1}",Nationwide
"{'great': 5, 'team': 4, 'focused': 4, 'mission': 4, 'providing': 3, 'focus': 3, 'research': 3, 'gain': 2, 'knowledge': 2, 'culture': 2, 'year': 2, 'needed': 2, 'families': 2, 'nursing': 2, 'outpatient': 2, 'patients': 2, 'health': 2, 'jude': 2, 'helping': 2, 'benefits': 2, 'children': 2, 'stop': 2, 'skills': 2, 'time': 2, 'function': 1, 'behind': 1, 'feel': 1, 'find': 1, 'flexible': 1, 'amazing': 1, 'confidence': 1, 'always': 1, 'family': 1, 'goals': 1, 'adoption': 1, 'good': 1, 'addition': 1, 'growth': 1, 'across': 1, 'allowing': 1, 'experience': 1, 'benefit': 1, 'hired': 1, 'cures': 1, 'changes': 1, 'daycare': 1, 'different': 1, 'done': 1, 'drama': 1, 'driven': 1, 'critically': 1}",St. Jude Children's Research Hospital
"{'team': 12, 'people': 10, 'feel': 7, 'great': 6, 'benefits': 6, 'help': 5, 'best': 5, 'supportive': 5, 'love': 5, 'working': 5, 'employees': 5, 'raise': 4, 'manager': 4, 'everyone': 4, 'friendly': 4, 'know': 4, 'done': 4, 'good': 4, 'part': 4, 'well': 4, 'within': 4, 'cost': 3, 'leadership': 3, 'management': 3, 'matter': 3, 'hard': 3, 'excellent': 3, 'everything': 3, 'sense': 3, 'want': 3, 'personal': 3, 'valued': 3, 'willing': 2, 'rewarding': 2, 'quite': 2, 'lower': 2, 'made': 2, 'make': 2, 'communication': 2, 'sales': 2, 'vision': 2, 'collaboration': 2, 'flexibility': 2, 'health': 2, 'customer': 2, 'coworkers': 2, 'worked': 2, 'passion': 2, 'open': 2, 'number': 2, 'higher': 2}",SAS Institute Inc.
"{'team': 67, 'people': 62, 'great': 37, 'good': 37, 'leadership': 28, 'best': 27, 'salary': 23, 'environment': 22, 'working': 20, 'supportive': 20, 'time': 19, 'client': 19, 'positive': 18, 'clients': 16, 'employees': 15, 'always': 14, 'culture': 14, 'experience': 14, 'make': 13, 'management': 13, 'need': 13, 'smart': 13, 'less': 13, 'help': 13, 'even': 12, 'many': 12, 'stock': 12, 'different': 12, 'learning': 11, 'better': 11, 'competitive': 11, 'benefits': 10, 'project': 10, 'health': 10, 'fair': 10, 'opportunities': 10, 'well': 10, 'based': 10, 'base': 10, 'flexible': 10, 'insurance': 10, 'high': 9, 'bonus': 9, 'balance': 9, 'communication': 9, 'every': 9, 'life': 9, 'collaborative': 9, 'diverse': 9, 'market': 8, 'making': 8}",Accenture
"{'management': 5, 'people': 5, 'years': 3, 'coworkers': 2, 'make': 2, 'collaboration': 2, 'helpful': 2, 'comp': 2, 'compensation': 2, 'needs': 2, 'salary': 2, 'teams': 2, 'nothing': 2, 'culture': 2, 'paid': 2, 'really': 2, 'interviews': 2, 'place': 2, 'team': 2, 'great': 2, 'long': 2, 'best': 2, 'leadership': 2, 'less': 2, 'interview': 2, 'kind': 2, 'actually': 2, 'level': 2, 'better': 2, 'bonus': 2, 'around': 2, 'expects': 1, 'experience': 1, 'improved': 1, 'excellent': 1, 'experts': 1, 'feel': 1, 'intelligent': 1, 'industry': 1, 'evident': 1, 'felt': 1, 'finding': 1, 'fired': 1, 'everything': 1, 'human': 1, 'firm': 1, 'hire': 1, 'focusing': 1, 'generally': 1, 'getting': 1, 'given': 1}","The Goldman Sachs Group, Inc."
"{'culture': 3, 'good': 3, 'everyone': 3, 'working': 2, 'hard': 2, 'level': 2, 'flexibility': 2, 'fact': 2, 'patients': 2, 'professional': 2, 'really': 2, 'decent': 2, 'ideas': 2, 'allows': 2, 'always': 2, 'within': 2, 'global': 1, 'fast': 1, 'feedback': 1, 'feet': 1, 'field': 1, 'affiliate': 1, 'friendly': 1, 'generation': 1, 'generous': 1, 'give': 1, 'goal': 1, 'failing': 1, 'affecting': 1, 'acceptable': 1, 'gratifying': 1, 'great': 1, 'happy': 1, 'health': 1, 'hearing': 1, 'helped': 1, 'helpful': 1, 'family': 1, 'business': 1, 'cares': 1, 'better': 1, 'challenged': 1, 'change': 1, 'colleagues': 1, 'common': 1, 'compensated': 1, 'constantly': 1, 'counts': 1, 'coworkers': 1, 'bring': 1, 'difference': 1}",AbbVie
"{'people': 263, 'team': 221, 'great': 127, 'everyone': 120, 'transparent': 102, 'culture': 100, 'working': 95, 'transparency': 90, 'make': 90, 'smart': 90, 'stock': 81, 'best': 81, 'really': 79, 'employees': 74, 'open': 73, 'benefits': 71, 'feel': 71, 'every': 70, 'always': 70, 'leadership': 69, 'help': 67, 'hard': 65, 'love': 65, 'customers': 61, 'good': 60, 'care': 59, 'things': 55, 'well': 52, 'better': 51, 'environment': 51, 'compensation': 50, 'growth': 48, 'unlimited': 44, 'feedback': 44, 'grow': 41, 'employee': 41, 'level': 39, 'want': 39, 'autonomy': 38, 'learn': 38, 'learning': 37, 'life': 36, 'part': 35, 'makes': 35, 'positive': 35, 'think': 35, 'much': 35, 'coworkers': 35, 'vacation': 35, 'driven': 34, 'know': 34}",HubSpot
"{'managers': 3, 'answer': 2, 'firm': 2, 'capable': 2, 'salary': 2, 'wherever': 1, 'finding': 1, 'fires': 1, 'firms': 1, 'flexible': 1, 'friendly': 1, 'full': 1, 'ended': 1, 'given': 1, 'grown': 1, 'hand': 1, 'helps': 1, 'highly': 1, 'hired': 1, 'feel': 1, 'done': 1, 'driven': 1, 'ideas': 1, 'designed': 1, 'dealt': 1, 'creative': 1, 'coworkers': 1, 'consultant': 1, 'connect': 1, 'comparable': 1, 'collaborative': 1, 'clients': 1, 'cases': 1, 'best': 1, 'attitude': 1, 'assess': 1, 'home': 1, 'individuals': 1, 'impactful': 1, 'sometimes': 1, 'progressed': 1, 'project': 1, 'relatively': 1, 'rest': 1, 'shoes': 1, 'smart': 1, 'strive': 1, 'post': 1, 'structured': 1, 'team': 1, 'tend': 1}",Oliver Wyman Group
"{'children': 21, 'employees': 11, 'teachers': 7, 'team': 7, 'time': 7, 'make': 7, 'better': 7, 'opportunity': 6, 'care': 6, 'communication': 6, 'sick': 5, 'great': 5, 'working': 5, 'people': 5, 'vacation': 5, 'coworkers': 5, 'every': 5, 'hire': 5, 'students': 5, 'families': 5, 'growth': 4, 'extremely': 4, 'leadership': 4, 'environment': 4, 'opportunities': 4, 'support': 4, 'best': 4, 'skills': 4, 'positive': 4, 'teacher': 4, 'everyone': 3, 'staff': 3, 'look': 3, 'needs': 3, 'love': 3, 'management': 3, 'life': 3, 'provide': 3, 'feel': 3, 'paid': 3, 'help': 3, 'welcoming': 3, 'difference': 3, 'learning': 3, 'family': 3, 'enjoy': 3, 'amazing': 3, 'experience': 3, 'amount': 3, 'learn': 3, 'easy': 2}",Bright Horizons Family Solutions
"{'everyone': 5, 'people': 5, 'really': 4, 'working': 2, 'benefits': 2, 'first': 2, 'site': 2, 'every': 2, 'love': 2, 'year': 1, 'employee': 1, 'free': 1, 'felt': 1, 'feel': 1, 'enjoys': 1, 'enjoy': 1, 'customers': 1, 'differe': 1, 'great': 1, 'culture': 1, 'contribute': 1, 'considered': 1, 'concerns': 1, 'competitive': 1, 'colleagues': 1, 'awesome': 1, 'always': 1, 'going': 1, 'helps': 1, 'group': 1, 'guys': 1, 'willing': 1, 'wellness': 1, 'transparency': 1, 'together': 1, 'thorough': 1, 'think': 1, 'sure': 1, 'salary': 1, 'place': 1, 'medical': 1, 'manager': 1, 'makes': 1, 'make': 1, 'listened': 1, 'listen': 1, 'interviews': 1, 'interacting': 1, 'input': 1, 'honesty': 1, 'allow': 1}",CHG Healthcare
"{'staff': 3, 'supports': 2, 'nothing': 2, 'audit': 2, 'clients': 2, 'working': 1, 'embarrassing': 1, 'good': 1, 'goals': 1, 'frankly': 1, 'francisco': 1, 'fill': 1, 'everyone': 1, 'every': 1, 'enjoyed': 1, 'coworkers': 1, 'easy': 1, 'dumbest': 1, 'hours': 1, 'collaborative': 1, 'career': 1, 'candidate': 1, 'best': 1, 'asked': 1, 'almost': 1, '2020': 1, 'hire': 1, 'internally': 1, 'interact': 1, 'ranks': 1, 'together': 1, 'technical': 1, 'support': 1, 'succeed': 1, 'still': 1, ""staff's"": 1, 'respect': 1, 'reputation': 1, 'rejects': 1, 'range': 1, 'turn': 1, 'qualifies': 1, 'pulls': 1, 'position': 1, 'people': 1, 'partner': 1, 'part': 1, 'operates': 1, 'nuts': 1, 'meeting': 1, '2005': 1}",Crowe
"{'great': 12, 'people': 10, 'culture': 7, 'competitive': 6, 'leadership': 6, 'open': 5, 'everyone': 5, 'benefits': 5, 'managers': 4, 'team': 4, 'manager': 4, 'good': 3, 'package': 3, 'employees': 3, 'values': 3, 'place': 3, 'lead': 3, 'motivated': 3, 'collaborative': 3, 'vision': 3, 'hire': 3, 'make': 3, 'base': 3, 'amazing': 3, 'salary': 3, 'working': 3, 'live': 2, 'match': 2, 'level': 2, 'mobility': 2, 'year': 2, 'moving': 2, 'need': 2, 'needs': 2, 'offers': 2, 'ones': 2, 'poor': 2, 'process': 2, 'projects': 2, 'purpose': 2, 'realtor': 2, 'resources': 2, 'sales': 2, 'part': 2, 'hard': 2, 'internal': 2, 'impactful': 2, 'along': 2, 'always': 2, 'balance': 2, 'best': 2}",Zillow
"{'great': 6, 'people': 4, 'open': 4, 'good': 3, 'engineering': 3, 'time': 3, 'less': 2, 'equity': 2, 'lots': 2, 'quickly': 2, 'team': 2, 'benefits': 2, 'process': 2, 'leadership': 2, 'culture': 2, 'employee': 2, 'well': 2, 'interview': 2, 'extremely': 2, 'experience': 1, 'empathetic': 1, 'diverse': 1, 'especially': 1, 'everything': 1, 'exact': 1, 'excellent': 1, 'full': 1, 'experienced': 1, 'fair': 1, 'family': 1, 'feedback': 1, 'difficult': 1, 'getting': 1, 'grants': 1, 'group': 1, 'growth': 1, 'harder': 1, 'health': 1, 'high': 1, 'honest': 1, 'humble': 1, 'direct': 1, 'working': 1, 'different': 1, 'backgrounds': 1, 'building': 1, 'bonus': 1, 'board': 1, 'better': 1, 'best': 1, 'base': 1}",Atlassian
"{'team': 12, 'people': 8, 'management': 8, 'time': 8, 'employees': 7, 'great': 7, 'working': 7, 'benefits': 6, 'leadership': 6, 'environment': 5, 'better': 5, 'business': 4, 'love': 4, 'always': 4, 'managers': 4, 'know': 4, 'goals': 3, 'back': 3, 'strong': 3, 'process': 3, 'priority': 3, 'positive': 3, 'personal': 3, 'directors': 3, 'opportunities': 3, 'needs': 3, 'everyone': 3, 'good': 3, 'making': 3, 'future': 3, 'department': 3, 'level': 3, 'best': 3, 'insurance': 3, 'inclusive': 3, 'assistance': 3, 'long': 3, 'years': 3, '401k': 2, 'manager': 2, 'medical': 2, 'doesn': 2, 'meetings': 2, 'diverse': 2, 'money': 2, 'well': 2, 'offer': 2, 'trust': 2, 'opportunity': 2, 'package': 2, 'paid': 2}",Comcast NBCUniversal
"{'people': 3, 'workplace': 2, 'always': 2, 'employees': 2, 'treat': 2, 'feel': 2, 'training': 2, 'better': 2, 'feeling': 2, 'supported': 2, 'years': 1, 'getting': 1, 'family': 1, 'feedback': 1, 'finding': 1, 'hear': 1, 'great': 1, 'experienced': 1, 'imagine': 1, 'immediately': 1, 'integrity': 1, 'interacted': 1, 'interest': 1, 'fair': 1, 'energy': 1, 'experience': 1, 'everyone': 1, 'accessibility': 1, 'advancement': 1, 'another': 1, 'attributed': 1, 'balance': 1, 'bonuses': 1, 'care': 1, 'changed': 1, 'culture': 1, 'describe': 1, 'difference': 1, 'empathetic': 1, 'employed': 1, 'largely': 1, 'every': 1, 'internally': 1, 'life': 1, 'last': 1, 'teammates': 1, 'quarterly': 1, 'quickly': 1, 'receive': 1, 'received': 1, 'remember': 1}",Hyland
"{'employees': 11, 'team': 11, 'progressive': 10, 'people': 10, 'open': 8, 'love': 7, 'time': 7, 'everything': 6, 'feel': 6, 'hard': 6, 'nice': 6, 'best': 6, 'bonus': 6, 'everyone': 5, 'culture': 5, 'great': 5, 'good': 4, 'every': 4, 'training': 4, 'coworkers': 4, 'gainshare': 4, 'supportive': 4, 'policy': 4, 'better': 4, 'really': 4, 'management': 4, 'leadership': 4, 'feedback': 4, 'care': 4, 'positive': 4, 'employee': 4, 'needs': 4, 'year': 4, 'paid': 4, 'helpful': 4, 'help': 4, 'environment': 4, 'door': 4, 'works': 4, 'questions': 3, 'supervisor': 3, 'overall': 3, 'enjoy': 3, 'bring': 3, 'core': 3, 'want': 3, 'stress': 3, 'issues': 3, 'home': 3, 'diversity': 3, 'earned': 3}",Progressive Insurance
"{'extremely': 4, 'feel': 3, 'positive': 3, 'working': 2, 'best': 2, 'friends': 2, 'leadership': 2, 'leave': 2, 'overall': 2, 'commission': 2, 'sure': 2, 'team': 2, 'home': 2, 'always': 2, 'well': 2, 'better': 1, 'encourages': 1, 'even': 1, 'every': 1, 'everyday': 1, 'everyone': 1, 'excitement': 1, 'experience': 1, 'fail': 1, 'afraid': 1, 'flowed': 1, 'accessible': 1, 'follow': 1, 'able': 1, 'full': 1, 'genuinely': 1, 'grass': 1, 'happening': 1, 'happy': 1, 'helping': 1, 'higher': 1, 'environment': 1, 'employees': 1, 'benefits': 1, 'amount': 1, 'care': 1, 'base': 1, 'challenging': 1, 'cohesive': 1, 'collaborative': 1, 'comfortable': 1, 'asked': 1, 'compensated': 1, 'compensation': 1, 'conversation': 1, 'culture': 1}",Power Home Remodeling
"{'people': 5, 'employees': 5, 'love': 4, 'everyone': 4, 'great': 4, 'experience': 3, 'customers': 3, 'meeting': 3, 'employee': 3, 'friendly': 3, 'care': 3, 'well': 3, 'much': 2, 'nice': 2, 'opportunity': 2, 'market': 2, 'phenomenal': 2, 'interviewer': 2, 'helps': 2, 'move': 2, 'working': 2, 'fact': 2, 'extremely': 2, 'rounded': 2, 'environment': 2, 'engaged': 2, 'done': 2, 'coworkers': 2, 'compensation': 2, 'catching': 2, 'best': 2, 'amazing': 2, 'right': 2, 'highly': 2, 'trust': 2, 'unlimited': 2, 'together': 2, 'take': 2, 'teammates': 2, 'understand': 2, 'encouraged': 1, 'daily': 1, 'dictate': 1, 'different': 1, 'diverse': 1, 'diversity': 1, 'drop': 1, 'underpays': 1, 'typically': 1, 'encourage': 1, 'seeing': 1}",Kronos Incorporated
"{'better': 10, 'nice': 8, 'people': 7, 'good': 6, 'hours': 6, 'customers': 6, 'need': 5, 'friendly': 5, 'best': 5, 'time': 5, 'great': 4, 'management': 4, 'help': 4, 'employees': 4, 'know': 4, 'workers': 4, 'everything': 3, 'district': 3, 'paid': 3, 'quality': 3, 'able': 3, 'experience': 3, 'needs': 3, 'things': 3, 'fast': 3, 'makes': 3, 'goes': 3, 'less': 3, 'hard': 3, 'family': 3, 'insurance': 3, 'well': 3, 'around': 3, 'always': 3, 'together': 3, 'along': 3, 'different': 2, 'sell': 2, 'seeing': 2, 'coworkers': 2, 'schedule': 2, 'sales': 2, 'every': 2, 'growing': 2, 'environment': 2, 'really': 2, 'enjoyable': 2, 'anything': 2, 'love': 2, 'made': 2, 'make': 2}",Children's Healthcare of Atlanta
"{'team': 6, 'family': 4, 'culture': 4, 'people': 4, 'hard': 4, 'good': 4, 'grow': 3, 'employees': 3, 'many': 3, 'customers': 3, 'benefits': 3, 'care': 3, 'opportunities': 3, 'every': 3, 'enjoy': 2, 'office': 2, 'start': 2, 'positive': 2, 'collaborative': 2, 'flexibility': 2, 'part': 2, 'seen': 2, 'health': 2, 'projects': 2, 'employee': 2, 'never': 2, 'environment': 2, 'room': 2, 'right': 2, 'offer': 2, 'change': 2, 'lots': 2, 'feedback': 2, 'candidate': 2, 'make': 2, 'learn': 2, 'almost': 2, 'workiva': 2, 'well': 2, 'know': 2, 'keep': 2, 'listen': 2, 'transparent': 2, 'together': 2, 'time': 2, 'incredibly': 2, 'truly': 2, 'making': 2, 'success': 2, 'sure': 2, 'inclined': 1}",Workiva Inc.
"{'team': 5, 'people': 4, 'great': 3, 'good': 3, 'communication': 3, 'management': 3, 'everyone': 3, 'dishonest': 3, 'rate': 2, 'coworkers': 2, 'culture': 2, 'daily': 2, 'positive': 2, 'employee': 2, 'hours': 2, 'overall': 2, 'complete': 2, 'longer': 2, 'little': 2, 'learn': 2, 'jobs': 2, 'goal': 2, 'really': 2, 'working': 2, 'compensation': 2, 'successful': 2, 'awful': 2, 'together': 2, 'budget': 2, 'always': 2, 'things': 2, 'competitive': 1, 'friends': 1, 'families': 1, 'favoritism': 1, 'feel': 1, 'asked': 1, 'anything': 1, 'focused': 1, 'amount': 1, 'another': 1, 'extension': 1, 'going': 1, 'along': 1, 'happy': 1, 'heads': 1, 'healthcare': 1, 'helps': 1, 'high': 1, 'extremely': 1, 'basis': 1}",Burns & McDonnell
"{'team': 8, 'manager': 4, 'listen': 3, 'happy': 3, 'enjoy': 3, 'nice': 3, 'family': 2, 'positive': 2, 'others': 2, 'never': 2, 'every': 2, 'fairly': 2, 'micro': 2, 'remotely': 2, 'match': 2, 'managing': 2, 'managers': 2, 'little': 2, 'group': 2, 'half': 2, 'know': 2, 'production': 2, 'inclusive': 2, 'bonus': 2, 'workers': 2, 'together': 2, 'atmosphere': 2, 'suggestions': 2, 'training': 2, 'adults': 2, 'well': 2, 'care': 2, 'time': 2, 'working': 2, 'great': 1, 'feedback': 1, 'ideas': 1, 'feel': 1, 'idea': 1, 'first': 1, 'friendly': 1, 'home': 1, 'hold': 1, 'allow': 1, 'account': 1, 'actual': 1, 'gets': 1, 'goals': 1, 'amazing': 1, 'hand': 1, 'going': 1}",First American Financial Corporation
"{'everyone': 3, 'going': 2, 'love': 2, 'atmosphere': 2, 'employees': 2, 'management': 2, 'fair': 2, 'people': 2, 'friendly': 1, 'exciting': 1, 'exhilarating': 1, 'family': 1, 'fast': 1, 'favoritism': 1, 'flexibility': 1, 'working': 1, 'fully': 1, 'good': 1, 'greed': 1, 'guess': 1, 'hand': 1, 'high': 1, 'higher': 1, 'interview': 1, 'involved': 1, 'everything': 1, 'enjoy': 1, 'issue': 1, 'care': 1, 'advantage': 1, 'always': 1, 'attention': 1, 'based': 1, 'beginning': 1, 'better': 1, 'bonuses': 1, 'business': 1, 'candidates': 1, 'career': 1, 'engagement': 1, 'caring': 1, 'choose': 1, 'commission': 1, 'community': 1, 'coworkers': 1, 'department': 1, 'departments': 1, 'done': 1, 'employee': 1, 'involvement': 1, 'lies': 1}",Total Quality Logistics
"{'people': 15, 'good': 13, 'customers': 12, 'working': 11, 'team': 11, 'together': 9, 'workers': 9, 'friendly': 9, 'employees': 9, 'great': 9, 'family': 8, 'every': 8, 'nice': 8, 'manager': 7, 'never': 7, 'everyone': 7, 'make': 7, 'store': 7, 'benefits': 7, 'always': 7, 'well': 7, 'know': 6, 'love': 6, 'time': 6, 'insurance': 5, 'sheetz': 5, 'getting': 5, 'help': 5, 'best': 5, 'many': 5, 'need': 5, 'coworkers': 5, 'paid': 5, 'everything': 5, 'really': 5, 'making': 4, 'management': 4, 'environment': 4, 'years': 4, 'customer': 4, 'things': 4, 'fast': 4, 'name': 3, 'positive': 3, 'able': 3, 'experience': 3, 'paced': 3, 'nothing': 3, 'along': 3, 'fair': 3, 'helpful': 3}","Sheetz, Inc."
"{'benefits': 3, 'team': 3, 'place': 2, 'integrity': 2, 'personal': 2, 'working': 2, 'part': 2, 'hours': 2, 'career': 2, 'leadership': 2, 'positive': 2, 'committed': 2, 'core': 2, 'compensation': 2, 'flexible': 1, 'focus': 1, 'feel': 1, 'follow': 1, 'expertise': 1, 'everything': 1, 'environment': 1, 'focused': 1, 'years': 1, 'friendly': 1, 'fulfilled': 1, 'golden': 1, 'good': 1, 'great': 1, 'group': 1, 'hanging': 1, 'hard': 1, 'health': 1, 'history': 1, 'increasing': 1, 'increasingly': 1, 'goals': 1, 'development': 1, 'driven': 1, 'disorganized': 1, 'accountability': 1, 'accuracy': 1, 'achieving': 1, 'advancement': 1, 'almost': 1, 'amazing': 1, 'areas': 1, 'around': 1, 'available': 1, 'based': 1, 'behind': 1, 'best': 1}",Custom Ink
"{'issues': 2, 'together': 2, 'works': 2, 'team': 2, 'everyone': 2, 'love': 2, 'night': 2, 'really': 2, 'care': 2, 'worry': 1, 'expensive': 1, 'education': 1, 'everywhere': 1, 'good': 1, 'function': 1, 'going': 1, 'door': 1, 'great': 1, 'health': 1, 'help': 1, 'easy': 1, 'deductible': 1, 'discounts': 1, 'improvement': 1, 'coworkers': 1, 'competitive': 1, 'communication': 1, 'bunch': 1, 'boss': 1, 'better': 1, 'benefits': 1, 'autonomous': 1, 'assists': 1, 'assist': 1, 'among': 1, 'additional': 1, 'accessible': 1, 'hourly': 1, 'leadership': 1, 'instead': 1, 'lazy': 1, 'willing': 1, 'wage': 1, 'teamwork': 1, 'tasks': 1, 'take': 1, 'stop': 1, 'staff': 1, 'simply': 1, 'shift': 1, 'seasoned': 1}",Atlantic Health System
"{'people': 4, 'love': 4, 'care': 2, 'direct': 2, 'feel': 2, 'many': 2, 'manager': 2, 'take': 2, 'patients': 2, 'things': 2, 'well': 2, 'getting': 1, 'good': 1, 'everything': 1, 'great': 1, 'first': 1, 'group': 1, 'heart': 1, 'family': 1, 'fair': 1, 'fact': 1, 'faces': 1, 'exciting': 1, 'fortunate': 1, 'works': 1, 'everyone': 1, 'even': 1, 'amazing': 1, 'appreciate': 1, 'area': 1, 'best': 1, 'better': 1, 'church': 1, 'comparable': 1, 'couldn': 1, 'dept': 1, 'despite': 1, 'difference': 1, 'effectiveness': 1, 'employee': 1, 'environment': 1, 'helping': 1, 'help': 1, 'less': 1, 'ignored': 1, 'systems': 1, 'raise': 1, 'recognize': 1, 'respect': 1, 'seeing': 1, 'slack': 1}",Methodist Le Bonheur Healthcare
"{'team': 5, 'people': 5, 'everyone': 5, 'managers': 4, 'help': 3, 'good': 3, 'love': 3, 'paid': 3, 'truly': 3, 'place': 3, 'employee': 3, 'effective': 2, 'part': 2, 'higher': 2, 'family': 2, 'four': 2, 'solid': 2, 'getting': 2, 'executives': 2, 'hard': 2, 'members': 2, 'working': 2, 'made': 2, 'amazing': 2, 'great': 2, 'making': 2, 'hands': 2, 'around': 2, 'experience': 1, 'fair': 1, 'handling': 1, 'growth': 1, 'growing': 1, 'grow': 1, 'golden': 1, 'floor': 1, 'going': 1, 'group': 1, 'free': 1, 'ground': 1, 'friendly': 1, 'full': 1, 'funds': 1, 'gets': 1, 'every': 1, 'followed': 1, 'employees': 1, 'enjoys': 1, 'benchmarks': 1, 'caring': 1, 'cares': 1}",Four Seasons Hotels & Resorts
"{'industry': 3, 'willing': 3, 'honest': 2, 'many': 2, 'culture': 2, 'open': 2, 'completed': 2, 'novo': 2, 'nordisk': 2, 'fact': 2, 'people': 2, 'cause': 2, 'diabetes': 2, 'high': 2, 'working': 2, 'hear': 1, 'drama': 1, 'employee': 1, 'engaged': 1, 'every': 1, 'feedbacks': 1, 'family': 1, 'generic': 1, 'evolution': 1, 'expierence': 1, 'flexible': 1, 'fair': 1, 'filled': 1, 'getting': 1, 'years': 1, 'done': 1, 'human': 1, '75th': 1, 'achievement': 1, 'around': 1, 'assistance': 1, 'behavior': 1, 'benchmark': 1, 'benefits': 1, 'came': 1, 'career': 1, 'carrer': 1, 'catered': 1, 'changing': 1, 'communication': 1, 'community': 1, 'companies': 1, 'compensation': 1, 'competencies': 1, 'consistently': 1, 'constructive': 1}",Novo Nordisk Inc.
"{'people': 17, 'good': 13, 'well': 11, 'team': 11, 'always': 11, 'need': 10, 'everyone': 8, 'make': 8, 'help': 8, 'together': 8, 'time': 7, 'works': 7, 'better': 6, 'great': 6, 'working': 6, 'comfortable': 6, 'support': 6, 'employees': 6, 'feel': 5, 'family': 5, 'fair': 5, 'understanding': 5, 'insurance': 5, 'best': 5, 'agency': 5, 'friendly': 5, 'bonus': 5, 'leadership': 5, 'helping': 5, 'customers': 5, 'professional': 5, 'provide': 5, 'less': 5, 'environment': 5, 'love': 4, 'management': 4, 'office': 4, 'much': 4, 'never': 4, 'nice': 4, 'open': 4, 'changes': 4, 'commissions': 4, 'communication': 4, 'long': 4, 'managers': 4, 'atmosphere': 4, 'hard': 4, 'paid': 3, 'close': 3, 'oriented': 3}",Farmers Insurance
"{'team': 94, 'people': 59, 'good': 57, 'employees': 56, 'great': 45, 'make': 34, 'management': 34, 'benefits': 33, 'better': 31, 'help': 30, 'leadership': 28, 'working': 27, 'care': 27, 'paid': 26, 'time': 26, 'best': 26, 'together': 25, 'always': 24, 'well': 24, 'feel': 23, 'clients': 22, 'customers': 22, 'needs': 21, 'need': 20, 'sales': 20, 'everyone': 19, 'really': 19, 'environment': 19, 'coworkers': 18, 'many': 18, 'hard': 18, 'family': 18, 'things': 17, 'compensation': 16, 'actually': 16, 'health': 16, 'goals': 16, 'less': 16, 'balance': 16, 'life': 16, 'positive': 15, 'culture': 14, 'growth': 14, 'happy': 14, 'manager': 14, 'even': 13, 'know': 13, 'bonus': 13, 'person': 13, 'done': 12, 'amazing': 12}",Bank of America
"{'great': 9, 'people': 7, 'culture': 5, 'make': 3, 'life': 3, 'care': 3, 'even': 3, 'together': 3, 'balance': 3, 'team': 3, 'want': 3, 'employees': 2, 'part': 2, 'changes': 2, 'salary': 2, 'challenging': 2, 'challenge': 2, 'good': 2, 'compensation': 2, 'environment': 2, 'smart': 2, 'place': 2, 'better': 2, 'stock': 2, 'substantial': 2, 'afraid': 2, 'believe': 2, 'office': 2, 'vision': 2, 'lunch': 2, 'everyone': 2, 'enjoy': 1, 'empathy': 1, 'ease': 1, 'espp': 1, 'fail': 1, 'excel': 1, 'experience': 1, 'diversity': 1, 'fast': 1, 'feedback': 1, 'focus': 1, 'following': 1, 'food': 1, 'framework': 1, 'free': 1, 'friendly': 1, 'generous': 1, 'genuinely': 1, 'gets': 1, 'grants': 1}","Box, Inc."
"{'best': 6, 'feel': 4, 'associates': 4, 'balance': 3, 'team': 3, 'smart': 3, 'know': 3, 'feeling': 2, 'help': 2, 'seen': 2, 'recognition': 2, 'place': 2, 'people': 2, 'open': 2, 'mind': 2, 'good': 2, 'life': 2, 'environment': 2, 'many': 2, 'staff': 2, 'everyone': 2, 'love': 2, 'workers': 2, 'great': 2, 'benefits': 2, 'valued': 2, 'success': 2, 'approachable': 2, 'vision': 2, 'celebrate': 1, 'folks': 1, 'evaluated': 1, 'believe': 1, 'even': 1, 'awesome': 1, 'executive': 1, 'expectation': 1, 'fair': 1, 'appreciation': 1, 'appreciated': 1, 'enough': 1, 'follows': 1, 'frequently': 1, 'future': 1, 'genuine': 1, 'genuinely': 1, 'give': 1, 'goals': 1, 'goes': 1, 'appreciate': 1, 'grade': 1}",Alliance Data
"{'people': 132, 'team': 127, 'employees': 122, 'great': 119, 'good': 114, 'benefits': 94, 'time': 81, 'fedex': 78, 'better': 77, 'together': 75, 'help': 72, 'need': 59, 'management': 58, 'always': 56, 'make': 54, 'everyone': 54, 'working': 53, 'hard': 52, 'well': 51, 'best': 50, 'workers': 48, 'done': 46, 'care': 46, 'love': 43, 'managers': 42, 'paid': 42, 'hours': 40, 'communication': 39, 'drivers': 36, 'experience': 35, 'getting': 35, 'environment': 34, 'really': 34, 'customers': 34, 'employee': 34, 'needs': 33, 'part': 32, 'coworkers': 32, 'leadership': 32, 'friendly': 31, 'health': 31, 'will': 30, 'insurance': 30, 'every': 29, 'feel': 28, 'positive': 28, 'things': 27, 'fast': 27, 'years': 26, 'happy': 26, 'place': 26}",FedEx Corporation
"{'good': 3, 'every': 2, 'fairly': 2, 'well': 1, 'ideas': 1, 'assess': 1, 'best': 1, 'care': 1, 'competitive': 1, 'earth': 1, 'free': 1, 'game': 1, 'games': 1, 'give': 1, 'health': 1, 'help': 1, 'listens': 1, 'time': 1, 'make': 1, 'manager': 1, 'mean': 1, 'people': 1, 'places': 1, 'planet': 1, 'play': 1, 'really': 1, 'sharing': 1, 'still': 1, 'stressful': 1, 'super': 1, 'team': 1, 'though': 1, 'around': 1}",Activision Blizzard
"{'employees': 80, 'people': 66, 'delta': 53, 'team': 52, 'sharing': 50, 'profit': 49, 'great': 48, 'best': 44, 'family': 32, 'management': 32, 'always': 31, 'customers': 30, 'good': 30, 'care': 30, 'time': 29, 'leadership': 29, 'benefits': 28, 'need': 28, 'working': 27, 'make': 27, 'help': 27, 'together': 25, 'everyone': 24, 'better': 22, 'culture': 22, 'every': 21, 'love': 19, 'industry': 19, 'well': 19, 'environment': 19, '401k': 18, 'flight': 18, 'coworkers': 17, 'happy': 16, 'customer': 16, 'part': 14, 'right': 14, 'open': 14, 'employee': 13, 'will': 13, 'high': 13, 'union': 13, 'positive': 13, 'communication': 13, 'take': 12, 'want': 12, 'making': 12, 'compensation': 11, 'ready': 11, 'respect': 11, 'experience': 11}","Delta Air Lines, Inc."
"{'management': 5, 'paid': 5, 'best': 4, 'feel': 4, 'make': 4, 'people': 4, 'employees': 3, 'along': 3, 'environment': 3, 'good': 3, 'better': 3, 'happy': 3, 'making': 3, 'everyone': 3, 'friendly': 3, 'team': 3, 'experience': 3, 'even': 2, 'extra': 2, 'goals': 2, 'maternity': 2, 'leadership': 2, 'many': 2, 'decision': 2, 'great': 2, 'liked': 2, 'leave': 2, 'flexibility': 2, 'help': 2, 'change': 2, 'stay': 2, 'bonus': 2, 'together': 2, 'appreciated': 2, 'time': 2, 'benefits': 2, 'compensation': 2, 'based': 1, 'bringing': 1, 'friends': 1, 'fulfilling': 1, 'future': 1, 'general': 1, 'generous': 1, 'care': 1, 'asks': 1, 'genuinely': 1, 'global': 1, 'approachable': 1, 'gracious': 1, 'amount': 1}","Mars, Incorporated"
"{'people': 5, 'well': 4, 'together': 4, 'enjoy': 3, 'working': 3, 'better': 3, 'learning': 2, 'package': 2, 'medical': 2, 'place': 2, 'managers': 2, 'coworkers': 2, 'management': 2, 'professional': 2, 'feel': 2, 'good': 2, 'friendly': 2, 'hard': 2, 'taking': 2, 'helping': 2, 'along': 2, 'amazing': 2, 'team': 2, 'happy': 1, 'helpful': 1, 'enjoyable': 1, 'every': 1, 'honest': 1, 'extremely': 1, 'fair': 1, 'hiring': 1, 'help': 1, 'handled': 1, 'fairly': 1, 'family': 1, ""family's"": 1, 'fast': 1, 'feedback': 1, 'focused': 1, 'engaged': 1, 'health': 1, 'years': 1, 'desire': 1, 'employees': 1, 'bosses': 1, 'address': 1, 'admit': 1, 'agree': 1, 'annual': 1, 'asked': 1, 'associates': 1}",OhioHealth
